file,url,title_length,title_ok,meta_description_length,meta_description_ok,h1_count,h2_count,images_count,images_missing_alt_count,images_empty_alt_count,errors_count,warnings_count
blog/meet-midwest-flip-llc.html,https://midwestflipllc.com/blog/meet-midwest-flip-llc.html,33,True,153,True,1,9,6,0,0,0,0
blog.html,https://midwestflipllc.com/blog.html,57,True,157,True,1,8,9,0,0,0,0
index.html,https://midwestflipllc.com/index.html,45,True,130,True,1,7,11,0,0,0,0
receipt_design.html,https://midwestflipllc.com/receipt_design.html,36,True,81,True,1,0,1,0,0,0,0
service-areas.html,https://midwestflipllc.com/service-areas.html,50,True,157,True,1,4,1,0,0,0,0
services/accessible-bathroom-installation.html,https://midwestflipllc.com/services/accessible-bathroom-installation.html,51,True,157,True,1,7,2,0,0,0,0
services/accessory-structures-and-outbuildings.html,https://midwestflipllc.com/services/accessory-structures-and-outbuildings.html,56,True,147,True,1,7,2,0,0,0,0
services/ada-compliant-modifications-commercial.html,https://midwestflipllc.com/services/ada-compliant-modifications-commercial.html,59,True,150,True,1,7,2,0,0,0,0
services/air-sealing-services.html,https://midwestflipllc.com/services/air-sealing-services.html,39,True,145,True,1,7,2,0,0,0,0
services/aluminum-siding-installation.html,https://midwestflipllc.com/services/aluminum-siding-installation.html,47,True,153,True,1,7,2,0,0,0,0
services/appliance-installation-coordination.html,https://midwestflipllc.com/services/appliance-installation-coordination.html,54,True,160,True,1,7,2,0,0,0,0
services/asphalt-shingle-installation.html,https://midwestflipllc.com/services/asphalt-shingle-installation.html,47,True,153,True,1,7,2,0,0,0,0
services/attic-construction-and-finishing.html,https://midwestflipllc.com/services/attic-construction-and-finishing.html,51,True,157,True,1,7,2,0,0,0,0
services/attic-ventilation-improvement.html,https://midwestflipllc.com/services/attic-ventilation-improvement.html,48,True,154,True,1,7,2,0,0,0,0
services/awning-window-installation.html,https://midwestflipllc.com/services/awning-window-installation.html,45,True,151,True,1,7,2,0,0,0,0
services/backsplash-installation.html,https://midwestflipllc.com/services/backsplash-installation.html,42,True,148,True,1,7,2,0,0,0,0
services/baluster-installation.html,https://midwestflipllc.com/services/baluster-installation.html,40,True,146,True,1,7,2,0,0,0,0
services/barrier-free-design-modifications.html,https://midwestflipllc.com/services/barrier-free-design-modifications.html,52,True,158,True,1,7,2,0,0,0,0
services/baseboard-installation.html,https://midwestflipllc.com/services/baseboard-installation.html,41,True,147,True,1,7,2,0,0,0,0
services/basement-bathroom-installation.html,https://midwestflipllc.com/services/basement-bathroom-installation.html,49,True,155,True,1,7,2,0,0,0,0
services/basement-bedroom-construction.html,https://midwestflipllc.com/services/basement-bedroom-construction.html,48,True,154,True,1,7,2,0,0,0,0
services/basement-excavation-and-construction.html,https://midwestflipllc.com/services/basement-excavation-and-construction.html,55,True,146,True,1,7,2,0,0,0,0
services/basement-finishing.html,https://midwestflipllc.com/services/basement-finishing.html,37,True,143,True,1,7,2,0,0,0,0
services/basement-flooring-installation.html,https://midwestflipllc.com/services/basement-flooring-installation.html,49,True,155,True,1,7,2,0,0,0,0
services/basement-waterproofing-services.html,https://midwestflipllc.com/services/basement-waterproofing-services.html,50,True,156,True,1,7,2,0,0,0,0
services/basement-waterproofing.html,https://midwestflipllc.com/services/basement-waterproofing.html,41,True,147,True,1,7,2,0,0,0,0
services/bathroom-flooring.html,https://midwestflipllc.com/services/bathroom-flooring.html,36,True,142,True,1,7,2,0,0,0,0
services/bathroom-remodeling.html,https://midwestflipllc.com/services/bathroom-remodeling.html,38,True,146,True,1,7,2,0,0,0,0
services/bathroom-tile-work.html,https://midwestflipllc.com/services/bathroom-tile-work.html,37,True,143,True,1,7,2,0,0,0,0
services/bathroom-vanity-installation.html,https://midwestflipllc.com/services/bathroom-vanity-installation.html,47,True,153,True,1,7,2,0,0,0,0
services/bathtub-installation.html,https://midwestflipllc.com/services/bathtub-installation.html,39,True,145,True,1,7,2,0,0,0,0
services/bay-window-installation.html,https://midwestflipllc.com/services/bay-window-installation.html,42,True,148,True,1,7,2,0,0,0,0
services/bid-preparation.html,https://midwestflipllc.com/services/bid-preparation.html,34,True,140,True,1,7,2,0,0,0,0
services/block-masonry-construction.html,https://midwestflipllc.com/services/block-masonry-construction.html,45,True,151,True,1,7,2,0,0,0,0
services/blueprint-reading-and-interpretation.html,https://midwestflipllc.com/services/blueprint-reading-and-interpretation.html,55,True,146,True,1,7,2,0,0,0,0
services/brick-masonry-work.html,https://midwestflipllc.com/services/brick-masonry-work.html,37,True,143,True,1,7,2,0,0,0,0
services/brick-siding-installation.html,https://midwestflipllc.com/services/brick-siding-installation.html,44,True,150,True,1,7,2,0,0,0,0
services/brush-clearing.html,https://midwestflipllc.com/services/brush-clearing.html,33,True,139,True,1,7,2,0,0,0,0
services/building-code-interpretation.html,https://midwestflipllc.com/services/building-code-interpretation.html,47,True,153,True,1,7,2,0,0,0,0
services/building-inspection-coordination.html,https://midwestflipllc.com/services/building-inspection-coordination.html,51,True,157,True,1,7,2,0,0,0,0
services/building-permit-acquisition.html,https://midwestflipllc.com/services/building-permit-acquisition.html,46,True,152,True,1,7,2,0,0,0,0
services/built-in-cabinetry.html,https://midwestflipllc.com/services/built-in-cabinetry.html,37,True,143,True,1,7,2,0,0,0,0
services/built-in-shelving-construction.html,https://midwestflipllc.com/services/built-in-shelving-construction.html,49,True,155,True,1,7,2,0,0,0,0
services/cabinet-installation-and-replacement.html,https://midwestflipllc.com/services/cabinet-installation-and-replacement.html,55,True,146,True,1,7,2,0,0,0,0
services/cabinet-painting.html,https://midwestflipllc.com/services/cabinet-painting.html,35,True,141,True,1,7,2,0,0,0,0
services/cabinet-refacing.html,https://midwestflipllc.com/services/cabinet-refacing.html,35,True,141,True,1,7,2,0,0,0,0
services/carbon-monoxide-detector-installation.html,https://midwestflipllc.com/services/carbon-monoxide-detector-installation.html,56,True,147,True,1,7,2,0,0,0,0
services/carpet-installation.html,https://midwestflipllc.com/services/carpet-installation.html,38,True,144,True,1,7,2,0,0,0,0
services/casement-window-installation.html,https://midwestflipllc.com/services/casement-window-installation.html,47,True,153,True,1,7,2,0,0,0,0
services/catch-basin-installation.html,https://midwestflipllc.com/services/catch-basin-installation.html,43,True,149,True,1,7,2,0,0,0,0
services/ceiling-installation.html,https://midwestflipllc.com/services/ceiling-installation.html,39,True,145,True,1,7,2,0,0,0,0
services/ceiling-joist-installation.html,https://midwestflipllc.com/services/ceiling-joist-installation.html,45,True,151,True,1,7,2,0,0,0,0
services/ceramic-tile-installation.html,https://midwestflipllc.com/services/ceramic-tile-installation.html,44,True,150,True,1,7,2,0,0,0,0
services/chair-rail-installation.html,https://midwestflipllc.com/services/chair-rail-installation.html,42,True,148,True,1,7,2,0,0,0,0
services/change-order-management.html,https://midwestflipllc.com/services/change-order-management.html,42,True,148,True,1,7,2,0,0,0,0
services/chimney-construction-and-repair.html,https://midwestflipllc.com/services/chimney-construction-and-repair.html,50,True,156,True,1,7,2,0,0,0,0
services/chimney-flashing-repair.html,https://midwestflipllc.com/services/chimney-flashing-repair.html,42,True,148,True,1,7,2,0,0,0,0
services/clean-out-basement-garage-interior.html,https://midwestflipllc.com/services/clean-out-basement-garage-interior.html,57,True,148,True,1,7,2,0,0,0,0
services/closet-organizer-installation.html,https://midwestflipllc.com/services/closet-organizer-installation.html,48,True,154,True,1,7,2,0,0,0,0
services/closet-system-installation.html,https://midwestflipllc.com/services/closet-system-installation.html,45,True,151,True,1,7,2,0,0,0,0
services/code-compliance-review.html,https://midwestflipllc.com/services/code-compliance-review.html,41,True,147,True,1,7,2,0,0,0,0
services/code-violation-correction.html,https://midwestflipllc.com/services/code-violation-correction.html,44,True,150,True,1,7,2,0,0,0,0
services/colored-concrete.html,https://midwestflipllc.com/services/colored-concrete.html,35,True,141,True,1,7,2,0,0,0,0
services/compaction-testing.html,https://midwestflipllc.com/services/compaction-testing.html,37,True,143,True,1,7,2,0,0,0,0
services/complete-bathroom-renovation.html,https://midwestflipllc.com/services/complete-bathroom-renovation.html,47,True,153,True,1,7,2,0,0,0,0
services/complete-home-building.html,https://midwestflipllc.com/services/complete-home-building.html,41,True,147,True,1,7,2,0,0,0,0
services/complete-kitchen-renovation.html,https://midwestflipllc.com/services/complete-kitchen-renovation.html,46,True,152,True,1,7,2,0,0,0,0
services/composite-deck-installation.html,https://midwestflipllc.com/services/composite-deck-installation.html,46,True,152,True,1,7,2,0,0,0,0
services/concrete-finishing.html,https://midwestflipllc.com/services/concrete-finishing.html,37,True,143,True,1,7,2,0,0,0,0
services/concrete-flatwork-installation.html,https://midwestflipllc.com/services/concrete-flatwork-installation.html,49,True,155,True,1,7,2,0,0,0,0
services/concrete-formwork.html,https://midwestflipllc.com/services/concrete-formwork.html,36,True,142,True,1,7,2,0,0,0,0
services/concrete-placement.html,https://midwestflipllc.com/services/concrete-placement.html,37,True,143,True,1,7,2,0,0,0,0
services/concrete-removal.html,https://midwestflipllc.com/services/concrete-removal.html,35,True,141,True,1,7,2,0,0,0,0
services/concrete-repair.html,https://midwestflipllc.com/services/concrete-repair.html,34,True,140,True,1,7,2,0,0,0,0
services/concrete-services.html,https://midwestflipllc.com/services/concrete-services.html,36,True,133,True,1,7,2,0,0,0,0
services/concrete-slab-on-grade-installation.html,https://midwestflipllc.com/services/concrete-slab-on-grade-installation.html,54,True,160,True,1,7,2,0,0,0,0
services/concrete-strength-testing.html,https://midwestflipllc.com/services/concrete-strength-testing.html,44,True,150,True,1,7,2,0,0,0,0
services/contact-us.html,https://midwestflipllc.com/services/contact-us.html,39,True,135,True,1,7,2,0,0,0,0
services/contract-preparation.html,https://midwestflipllc.com/services/contract-preparation.html,39,True,145,True,1,7,2,0,0,0,0
services/cornice-construction-2.html,https://midwestflipllc.com/services/cornice-construction-2.html,39,True,145,True,1,7,2,0,0,0,0
services/cornice-construction.html,https://midwestflipllc.com/services/cornice-construction.html,39,True,145,True,1,7,2,0,0,0,0
services/cost-estimating.html,https://midwestflipllc.com/services/cost-estimating.html,34,True,140,True,1,7,2,0,0,0,0
services/countertop-installation-granite-quartz-laminate.html,https://midwestflipllc.com/services/countertop-installation-granite-quartz-laminate.html,42,True,157,True,1,7,2,0,0,0,0
services/countertop-installation.html,https://midwestflipllc.com/services/countertop-installation.html,42,True,148,True,1,7,2,0,0,0,0
services/crawl-space-construction.html,https://midwestflipllc.com/services/crawl-space-construction.html,43,True,149,True,1,7,2,0,0,0,0
services/crown-molding-installation.html,https://midwestflipllc.com/services/crown-molding-installation.html,45,True,151,True,1,7,2,0,0,0,0
services/cultured-stone-installation.html,https://midwestflipllc.com/services/cultured-stone-installation.html,46,True,152,True,1,7,2,0,0,0,0
services/custom-cabinet-construction.html,https://midwestflipllc.com/services/custom-cabinet-construction.html,46,True,152,True,1,7,2,0,0,0,0
services/custom-carpentry.html,https://midwestflipllc.com/services/custom-carpentry.html,35,True,141,True,1,7,2,0,0,0,0
services/custom-home-building.html,https://midwestflipllc.com/services/custom-home-building.html,39,True,145,True,1,7,2,0,0,0,0
services/cut-and-fill-operations.html,https://midwestflipllc.com/services/cut-and-fill-operations.html,42,True,148,True,1,7,2,0,0,0,0
services/damaged-material-replacement.html,https://midwestflipllc.com/services/damaged-material-replacement.html,47,True,153,True,1,7,2,0,0,0,0
services/debris-removal-and-disposal.html,https://midwestflipllc.com/services/debris-removal-and-disposal.html,46,True,152,True,1,7,2,0,0,0,0
services/deck-construction.html,https://midwestflipllc.com/services/deck-construction.html,36,True,142,True,1,7,2,0,0,0,0
services/deck-pad-installation.html,https://midwestflipllc.com/services/deck-pad-installation.html,40,True,146,True,1,7,2,0,0,0,0
services/deck-railing-installation.html,https://midwestflipllc.com/services/deck-railing-installation.html,44,True,150,True,1,7,2,0,0,0,0
services/deck-removal.html,https://midwestflipllc.com/services/deck-removal.html,31,True,137,True,1,7,2,0,0,0,0
services/deck-repair-and-refinishing.html,https://midwestflipllc.com/services/deck-repair-and-refinishing.html,46,True,152,True,1,7,2,0,0,0,0
services/deck-repair.html,https://midwestflipllc.com/services/deck-repair.html,30,True,136,True,1,7,2,0,0,0,0
services/decorative-concrete.html,https://midwestflipllc.com/services/decorative-concrete.html,38,True,144,True,1,7,2,0,0,0,0
services/decorative-finishes.html,https://midwestflipllc.com/services/decorative-finishes.html,38,True,144,True,1,7,2,0,0,0,0
services/detached-accessory-structures.html,https://midwestflipllc.com/services/detached-accessory-structures.html,48,True,154,True,1,7,2,0,0,0,0
services/detached-residential-structures.html,https://midwestflipllc.com/services/detached-residential-structures.html,50,True,156,True,1,7,2,0,0,0,0
services/detroit-amp-metro-detroit-primary-focus.html,https://midwestflipllc.com/services/detroit-amp-metro-detroit-primary-focus.html,58,True,149,True,1,7,2,0,0,0,0
services/door-and-window-casing.html,https://midwestflipllc.com/services/door-and-window-casing.html,41,True,147,True,1,7,2,0,0,0,0
services/door-casing-installation.html,https://midwestflipllc.com/services/door-casing-installation.html,43,True,149,True,1,7,2,0,0,0,0
services/door-installation-interior-and-exterior.html,https://midwestflipllc.com/services/door-installation-interior-and-exterior.html,60,True,151,True,1,7,2,0,0,0,0
services/door-repair-and-replacement.html,https://midwestflipllc.com/services/door-repair-and-replacement.html,46,True,152,True,1,7,2,0,0,0,0
services/door-repair.html,https://midwestflipllc.com/services/door-repair.html,30,True,136,True,1,7,2,0,0,0,0
services/door-replacement-for-energy-efficiency.html,https://midwestflipllc.com/services/door-replacement-for-energy-efficiency.html,57,True,148,True,1,7,2,0,0,0,0
services/double-hung-window-installation.html,https://midwestflipllc.com/services/double-hung-window-installation.html,50,True,156,True,1,7,2,0,0,0,0
services/downspout-installation.html,https://midwestflipllc.com/services/downspout-installation.html,41,True,147,True,1,7,2,0,0,0,0
services/drainage-installation.html,https://midwestflipllc.com/services/drainage-installation.html,40,True,146,True,1,7,2,0,0,0,0
services/drainage-pipe-installation.html,https://midwestflipllc.com/services/drainage-pipe-installation.html,45,True,151,True,1,7,2,0,0,0,0
services/driveway-installation.html,https://midwestflipllc.com/services/driveway-installation.html,40,True,146,True,1,7,2,0,0,0,0
services/drop-ceiling-installation.html,https://midwestflipllc.com/services/drop-ceiling-installation.html,44,True,150,True,1,7,2,0,0,0,0
services/drywall-finishing-and-taping.html,https://midwestflipllc.com/services/drywall-finishing-and-taping.html,47,True,153,True,1,7,2,0,0,0,0
services/drywall-installation.html,https://midwestflipllc.com/services/drywall-installation.html,39,True,145,True,1,7,2,0,0,0,0
services/drywall-repair-2.html,https://midwestflipllc.com/services/drywall-repair-2.html,33,True,139,True,1,7,2,0,0,0,0
services/drywall-repair.html,https://midwestflipllc.com/services/drywall-repair.html,33,True,139,True,1,7,2,0,0,0,0
services/egress-window-installation-2.html,https://midwestflipllc.com/services/egress-window-installation-2.html,45,True,151,True,1,7,2,0,0,0,0
services/egress-window-installation.html,https://midwestflipllc.com/services/egress-window-installation.html,45,True,151,True,1,7,2,0,0,0,0
services/elevator-installation-coordination.html,https://midwestflipllc.com/services/elevator-installation-coordination.html,53,True,159,True,1,7,2,0,0,0,0
services/emergency-exit-improvements.html,https://midwestflipllc.com/services/emergency-exit-improvements.html,46,True,152,True,1,7,2,0,0,0,0
services/entry-door-installation.html,https://midwestflipllc.com/services/entry-door-installation.html,42,True,148,True,1,7,2,0,0,0,0
services/erosion-control-measures.html,https://midwestflipllc.com/services/erosion-control-measures.html,43,True,149,True,1,7,2,0,0,0,0
services/excavation-services.html,https://midwestflipllc.com/services/excavation-services.html,38,True,144,True,1,7,2,0,0,0,0
services/exterior-painting.html,https://midwestflipllc.com/services/exterior-painting.html,36,True,142,True,1,7,2,0,0,0,0
services/exterior-trim-installation.html,https://midwestflipllc.com/services/exterior-trim-installation.html,45,True,151,True,1,7,2,0,0,0,0
services/fascia-installation.html,https://midwestflipllc.com/services/fascia-installation.html,38,True,144,True,1,7,2,0,0,0,0
services/fence-installation.html,https://midwestflipllc.com/services/fence-installation.html,37,True,143,True,1,7,2,0,0,0,0
services/fence-repair.html,https://midwestflipllc.com/services/fence-repair.html,31,True,137,True,1,7,2,0,0,0,0
services/fiber-cement-siding-installation.html,https://midwestflipllc.com/services/fiber-cement-siding-installation.html,51,True,157,True,1,7,2,0,0,0,0
services/final-inspection-coordination.html,https://midwestflipllc.com/services/final-inspection-coordination.html,48,True,154,True,1,7,2,0,0,0,0
services/final-walkthrough-and-punch-list-completion.html,https://midwestflipllc.com/services/final-walkthrough-and-punch-list-completion.html,42,True,153,True,1,7,2,0,0,0,0
services/finish-carpentry.html,https://midwestflipllc.com/services/finish-carpentry.html,35,True,141,True,1,7,2,0,0,0,0
services/finish-grading.html,https://midwestflipllc.com/services/finish-grading.html,33,True,139,True,1,7,2,0,0,0,0
services/fire-blocking-installation.html,https://midwestflipllc.com/services/fire-blocking-installation.html,45,True,151,True,1,7,2,0,0,0,0
services/fire-pit-installation.html,https://midwestflipllc.com/services/fire-pit-installation.html,40,True,146,True,1,7,2,0,0,0,0
services/fireplace-construction.html,https://midwestflipllc.com/services/fireplace-construction.html,41,True,147,True,1,7,2,0,0,0,0
services/flat-roof-installation.html,https://midwestflipllc.com/services/flat-roof-installation.html,41,True,147,True,1,7,2,0,0,0,0
services/floor-framing-and-joist-installation.html,https://midwestflipllc.com/services/floor-framing-and-joist-installation.html,55,True,146,True,1,7,2,0,0,0,0
services/floor-joist-repair.html,https://midwestflipllc.com/services/floor-joist-repair.html,37,True,143,True,1,7,2,0,0,0,0
services/floor-leveling.html,https://midwestflipllc.com/services/floor-leveling.html,33,True,139,True,1,7,2,0,0,0,0
services/floor-refinishing.html,https://midwestflipllc.com/services/floor-refinishing.html,36,True,142,True,1,7,2,0,0,0,0
services/footer-installation.html,https://midwestflipllc.com/services/footer-installation.html,38,True,144,True,1,7,2,0,0,0,0
services/footing-drain-installation.html,https://midwestflipllc.com/services/footing-drain-installation.html,45,True,151,True,1,7,2,0,0,0,0
services/foundation-construction-and-installation.html,https://midwestflipllc.com/services/foundation-construction-and-installation.html,59,True,150,True,1,7,2,0,0,0,0
services/foundation-crack-repair.html,https://midwestflipllc.com/services/foundation-crack-repair.html,42,True,148,True,1,7,2,0,0,0,0
services/foundation-inspection-coordination.html,https://midwestflipllc.com/services/foundation-inspection-coordination.html,53,True,159,True,1,7,2,0,0,0,0
services/foundation-leveling-and-stabilization.html,https://midwestflipllc.com/services/foundation-leveling-and-stabilization.html,56,True,147,True,1,7,2,0,0,0,0
services/foundation-repair.html,https://midwestflipllc.com/services/foundation-repair.html,36,True,142,True,1,7,2,0,0,0,0
services/foundation-wall-construction-concrete-block.html,https://midwestflipllc.com/services/foundation-wall-construction-concrete-block.html,42,True,155,True,1,7,2,0,0,0,0
services/foundation-wall-construction-poured-concrete.html,https://midwestflipllc.com/services/foundation-wall-construction-poured-concrete.html,42,True,156,True,1,7,2,0,0,0,0
services/foundation-waterproofing.html,https://midwestflipllc.com/services/foundation-waterproofing.html,43,True,149,True,1,7,2,0,0,0,0
services/framing-and-structural-carpentry.html,https://midwestflipllc.com/services/framing-and-structural-carpentry.html,51,True,157,True,1,7,2,0,0,0,0
services/framing-inspection-coordination.html,https://midwestflipllc.com/services/framing-inspection-coordination.html,50,True,156,True,1,7,2,0,0,0,0
services/french-door-installation.html,https://midwestflipllc.com/services/french-door-installation.html,43,True,149,True,1,7,2,0,0,0,0
services/french-drain-installation.html,https://midwestflipllc.com/services/french-drain-installation.html,44,True,150,True,1,7,2,0,0,0,0
services/gable-roof-construction.html,https://midwestflipllc.com/services/gable-roof-construction.html,42,True,148,True,1,7,2,0,0,0,0
services/garage-additions.html,https://midwestflipllc.com/services/garage-additions.html,35,True,141,True,1,7,2,0,0,0,0
services/garage-build-new-garage-construction.html,https://midwestflipllc.com/services/garage-build-new-garage-construction.html,57,True,148,True,1,7,2,0,0,0,0
services/garage-demolition.html,https://midwestflipllc.com/services/garage-demolition.html,36,True,142,True,1,7,2,0,0,0,0
services/garage-door-installation.html,https://midwestflipllc.com/services/garage-door-installation.html,43,True,149,True,1,7,2,0,0,0,0
services/gazebo-construction.html,https://midwestflipllc.com/services/gazebo-construction.html,38,True,144,True,1,7,2,0,0,0,0
services/girder-installation.html,https://midwestflipllc.com/services/girder-installation.html,38,True,144,True,1,7,2,0,0,0,0
services/grab-bar-installation.html,https://midwestflipllc.com/services/grab-bar-installation.html,40,True,146,True,1,7,2,0,0,0,0
services/grading-and-leveling.html,https://midwestflipllc.com/services/grading-and-leveling.html,39,True,145,True,1,7,2,0,0,0,0
services/guardrail-installation.html,https://midwestflipllc.com/services/guardrail-installation.html,41,True,147,True,1,7,2,0,0,0,0
services/gutter-cleaning-and-maintenance.html,https://midwestflipllc.com/services/gutter-cleaning-and-maintenance.html,50,True,156,True,1,7,2,0,0,0,0
services/gutter-installation.html,https://midwestflipllc.com/services/gutter-installation.html,38,True,144,True,1,7,2,0,0,0,0
services/handrail-installation-2.html,https://midwestflipllc.com/services/handrail-installation-2.html,40,True,146,True,1,7,2,0,0,0,0
services/handrail-installation.html,https://midwestflipllc.com/services/handrail-installation.html,40,True,146,True,1,7,2,0,0,0,0
services/hardwood-flooring-installation.html,https://midwestflipllc.com/services/hardwood-flooring-installation.html,49,True,155,True,1,7,2,0,0,0,0
services/header-installation.html,https://midwestflipllc.com/services/header-installation.html,38,True,144,True,1,7,2,0,0,0,0
services/hip-roof-construction.html,https://midwestflipllc.com/services/hip-roof-construction.html,40,True,146,True,1,7,2,0,0,0,0
services/home-theater-construction.html,https://midwestflipllc.com/services/home-theater-construction.html,44,True,150,True,1,7,2,0,0,0,0
services/house-demolition.html,https://midwestflipllc.com/services/house-demolition.html,35,True,141,True,1,7,2,0,0,0,0
services/house-wrap-installation.html,https://midwestflipllc.com/services/house-wrap-installation.html,42,True,148,True,1,7,2,0,0,0,0
services/ice-dam-prevention-systems.html,https://midwestflipllc.com/services/ice-dam-prevention-systems.html,45,True,151,True,1,7,2,0,0,0,0
services/insulation-installation-walls-attic-basement.html,https://midwestflipllc.com/services/insulation-installation-walls-attic-basement.html,42,True,158,True,1,7,2,0,0,0,0
services/insulation-upgrades.html,https://midwestflipllc.com/services/insulation-upgrades.html,38,True,144,True,1,7,2,0,0,0,0
services/interior-demolition.html,https://midwestflipllc.com/services/interior-demolition.html,38,True,144,True,1,7,2,0,0,0,0
services/interior-painting.html,https://midwestflipllc.com/services/interior-painting.html,36,True,142,True,1,7,2,0,0,0,0
services/interior-trim-installation.html,https://midwestflipllc.com/services/interior-trim-installation.html,45,True,151,True,1,7,2,0,0,0,0
services/job-costing.html,https://midwestflipllc.com/services/job-costing.html,30,True,136,True,1,7,2,0,0,0,0
services/kitchen-cabinet-installation.html,https://midwestflipllc.com/services/kitchen-cabinet-installation.html,47,True,153,True,1,7,2,0,0,0,0
services/kitchen-flooring-installation.html,https://midwestflipllc.com/services/kitchen-flooring-installation.html,48,True,154,True,1,7,2,0,0,0,0
services/kitchen-island-construction.html,https://midwestflipllc.com/services/kitchen-island-construction.html,46,True,152,True,1,7,2,0,0,0,0
services/kitchen-layout-redesign.html,https://midwestflipllc.com/services/kitchen-layout-redesign.html,42,True,148,True,1,7,2,0,0,0,0
services/kitchen-lighting-installation.html,https://midwestflipllc.com/services/kitchen-lighting-installation.html,48,True,154,True,1,7,2,0,0,0,0
services/kitchen-remodeling.html,https://midwestflipllc.com/services/kitchen-remodeling.html,37,True,147,True,1,7,2,0,0,0,0
services/knee-wall-construction.html,https://midwestflipllc.com/services/knee-wall-construction.html,41,True,147,True,1,7,2,0,0,0,0
services/laminate-flooring-installation.html,https://midwestflipllc.com/services/laminate-flooring-installation.html,49,True,155,True,1,7,2,0,0,0,0
services/land-clearing-and-grubbing.html,https://midwestflipllc.com/services/land-clearing-and-grubbing.html,45,True,151,True,1,7,2,0,0,0,0
services/landing-construction.html,https://midwestflipllc.com/services/landing-construction.html,39,True,145,True,1,7,2,0,0,0,0
services/leach-field-installation.html,https://midwestflipllc.com/services/leach-field-installation.html,43,True,149,True,1,7,2,0,0,0,0
services/load-bearing-wall-construction.html,https://midwestflipllc.com/services/load-bearing-wall-construction.html,49,True,155,True,1,7,2,0,0,0,0
services/low-slope-roofing.html,https://midwestflipllc.com/services/low-slope-roofing.html,36,True,142,True,1,7,2,0,0,0,0
services/marble-installation.html,https://midwestflipllc.com/services/marble-installation.html,38,True,144,True,1,7,2,0,0,0,0
services/masonry-column-installation.html,https://midwestflipllc.com/services/masonry-column-installation.html,46,True,152,True,1,7,2,0,0,0,0
services/masonry-wall-construction.html,https://midwestflipllc.com/services/masonry-wall-construction.html,44,True,150,True,1,7,2,0,0,0,0
services/material-procurement.html,https://midwestflipllc.com/services/material-procurement.html,39,True,145,True,1,7,2,0,0,0,0
services/medicine-cabinet-installation.html,https://midwestflipllc.com/services/medicine-cabinet-installation.html,48,True,154,True,1,7,2,0,0,0,0
services/metal-roofing-installation.html,https://midwestflipllc.com/services/metal-roofing-installation.html,45,True,151,True,1,7,2,0,0,0,0
services/michigan-residential-code-compliance.html,https://midwestflipllc.com/services/michigan-residential-code-compliance.html,55,True,146,True,1,7,2,0,0,0,0
services/miosha-safety-compliance.html,https://midwestflipllc.com/services/miosha-safety-compliance.html,43,True,149,True,1,7,2,0,0,0,0
services/modular-home-assembly.html,https://midwestflipllc.com/services/modular-home-assembly.html,40,True,146,True,1,7,2,0,0,0,0
services/mold-remediation-coordination.html,https://midwestflipllc.com/services/mold-remediation-coordination.html,48,True,154,True,1,7,2,0,0,0,0
services/mortar-repair.html,https://midwestflipllc.com/services/mortar-repair.html,32,True,138,True,1,7,2,0,0,0,0
services/natural-stone-installation.html,https://midwestflipllc.com/services/natural-stone-installation.html,45,True,151,True,1,7,2,0,0,0,0
services/new-home-construction.html,https://midwestflipllc.com/services/new-home-construction.html,40,True,138,True,1,7,2,0,0,0,0
services/new-roof-installation.html,https://midwestflipllc.com/services/new-roof-installation.html,40,True,146,True,1,7,2,0,0,0,0
services/non-load-bearing-wall-construction.html,https://midwestflipllc.com/services/non-load-bearing-wall-construction.html,53,True,159,True,1,7,2,0,0,0,0
services/on-site-supervision.html,https://midwestflipllc.com/services/on-site-supervision.html,38,True,144,True,1,7,2,0,0,0,0
services/our-services.html,https://midwestflipllc.com/services/our-services.html,31,True,137,True,1,7,2,0,0,0,0
services/outdoor-kitchen-construction.html,https://midwestflipllc.com/services/outdoor-kitchen-construction.html,47,True,153,True,1,7,2,0,0,0,0
services/partial-structure-demolition.html,https://midwestflipllc.com/services/partial-structure-demolition.html,47,True,153,True,1,7,2,0,0,0,0
services/patio-construction.html,https://midwestflipllc.com/services/patio-construction.html,37,True,143,True,1,7,2,0,0,0,0
services/patio-door-installation.html,https://midwestflipllc.com/services/patio-door-installation.html,42,True,148,True,1,7,2,0,0,0,0
services/patio-installation.html,https://midwestflipllc.com/services/patio-installation.html,37,True,143,True,1,7,2,0,0,0,0
services/percolation-perk-test-coordination.html,https://midwestflipllc.com/services/percolation-perk-test-coordination.html,55,True,146,True,1,7,2,0,0,0,0
services/pergola-construction.html,https://midwestflipllc.com/services/pergola-construction.html,39,True,145,True,1,7,2,0,0,0,0
services/pier-and-curtain-wall-foundation-installation.html,https://midwestflipllc.com/services/pier-and-curtain-wall-foundation-installation.html,42,True,155,True,1,7,2,0,0,0,0
services/plan-review-and-modification.html,https://midwestflipllc.com/services/plan-review-and-modification.html,47,True,153,True,1,7,2,0,0,0,0
services/plaster-repair.html,https://midwestflipllc.com/services/plaster-repair.html,33,True,139,True,1,7,2,0,0,0,0
services/platform-construction.html,https://midwestflipllc.com/services/platform-construction.html,40,True,146,True,1,7,2,0,0,0,0
services/pool-deck-construction.html,https://midwestflipllc.com/services/pool-deck-construction.html,41,True,147,True,1,7,2,0,0,0,0
services/pool-house-construction.html,https://midwestflipllc.com/services/pool-house-construction.html,42,True,148,True,1,7,2,0,0,0,0
services/porcelain-tile-installation.html,https://midwestflipllc.com/services/porcelain-tile-installation.html,46,True,152,True,1,7,2,0,0,0,0
services/porch-construction.html,https://midwestflipllc.com/services/porch-construction.html,37,True,143,True,1,7,2,0,0,0,0
services/porch-repair.html,https://midwestflipllc.com/services/porch-repair.html,31,True,137,True,1,7,2,0,0,0,0
services/post-and-beam-construction.html,https://midwestflipllc.com/services/post-and-beam-construction.html,45,True,151,True,1,7,2,0,0,0,0
services/post-replacement.html,https://midwestflipllc.com/services/post-replacement.html,35,True,141,True,1,7,2,0,0,0,0
services/prefabricated-home-construction.html,https://midwestflipllc.com/services/prefabricated-home-construction.html,50,True,156,True,1,7,2,0,0,0,0
services/progress-monitoring.html,https://midwestflipllc.com/services/progress-monitoring.html,38,True,144,True,1,7,2,0,0,0,0
services/project-scheduling.html,https://midwestflipllc.com/services/project-scheduling.html,37,True,143,True,1,7,2,0,0,0,0
services/quality-control.html,https://midwestflipllc.com/services/quality-control.html,34,True,140,True,1,7,2,0,0,0,0
services/rafter-installation.html,https://midwestflipllc.com/services/rafter-installation.html,38,True,144,True,1,7,2,0,0,0,0
services/rafter-repair.html,https://midwestflipllc.com/services/rafter-repair.html,32,True,138,True,1,7,2,0,0,0,0
services/railing-repair.html,https://midwestflipllc.com/services/railing-repair.html,33,True,139,True,1,7,2,0,0,0,0
services/recreation-room-construction.html,https://midwestflipllc.com/services/recreation-room-construction.html,47,True,153,True,1,7,2,0,0,0,0
services/residential-properties-12-family-dwellings.html,https://midwestflipllc.com/services/residential-properties-12-family-dwellings.html,38,True,155,True,1,7,2,0,0,0,0
services/residential-renovations-and-remodeling.html,https://midwestflipllc.com/services/residential-renovations-and-remodeling.html,57,True,148,True,1,7,2,0,0,0,0
services/retaining-wall-construction.html,https://midwestflipllc.com/services/retaining-wall-construction.html,46,True,152,True,1,7,2,0,0,0,0
services/ridge-installation.html,https://midwestflipllc.com/services/ridge-installation.html,37,True,143,True,1,7,2,0,0,0,0
services/roof-flashing-installation.html,https://midwestflipllc.com/services/roof-flashing-installation.html,45,True,151,True,1,7,2,0,0,0,0
services/roof-framing-services.html,https://midwestflipllc.com/services/roof-framing-services.html,40,True,146,True,1,7,2,0,0,0,0
services/roof-repair-2.html,https://midwestflipllc.com/services/roof-repair-2.html,30,True,136,True,1,7,2,0,0,0,0
services/roof-repair.html,https://midwestflipllc.com/services/roof-repair.html,30,True,136,True,1,7,2,0,0,0,0
services/roof-replacement.html,https://midwestflipllc.com/services/roof-replacement.html,35,True,141,True,1,7,2,0,0,0,0
services/roof-sheathing-installation.html,https://midwestflipllc.com/services/roof-sheathing-installation.html,46,True,152,True,1,7,2,0,0,0,0
services/roof-ventilation-installation.html,https://midwestflipllc.com/services/roof-ventilation-installation.html,48,True,154,True,1,7,2,0,0,0,0
services/room-additions.html,https://midwestflipllc.com/services/room-additions.html,33,True,139,True,1,7,2,0,0,0,0
services/rough-carpentry.html,https://midwestflipllc.com/services/rough-carpentry.html,34,True,140,True,1,7,2,0,0,0,0
services/rough-grading.html,https://midwestflipllc.com/services/rough-grading.html,32,True,138,True,1,7,2,0,0,0,0
services/safety-management.html,https://midwestflipllc.com/services/safety-management.html,36,True,142,True,1,7,2,0,0,0,0
services/screen-and-storm-sash-installation.html,https://midwestflipllc.com/services/screen-and-storm-sash-installation.html,53,True,159,True,1,7,2,0,0,0,0
services/screen-door-installation.html,https://midwestflipllc.com/services/screen-door-installation.html,43,True,149,True,1,7,2,0,0,0,0
services/screened-porch-construction.html,https://midwestflipllc.com/services/screened-porch-construction.html,46,True,152,True,1,7,2,0,0,0,0
services/second-story-additions.html,https://midwestflipllc.com/services/second-story-additions.html,41,True,147,True,1,7,2,0,0,0,0
services/sedimentation-control.html,https://midwestflipllc.com/services/sedimentation-control.html,40,True,146,True,1,7,2,0,0,0,0
services/seeding-and-landscaping-preparation.html,https://midwestflipllc.com/services/seeding-and-landscaping-preparation.html,54,True,160,True,1,7,2,0,0,0,0
services/septic-system-installation.html,https://midwestflipllc.com/services/septic-system-installation.html,45,True,151,True,1,7,2,0,0,0,0
services/septic-tank-installation.html,https://midwestflipllc.com/services/septic-tank-installation.html,43,True,149,True,1,7,2,0,0,0,0
services/service-areas.html,https://midwestflipllc.com/services/service-areas.html,32,True,138,True,1,7,2,0,0,0,0
services/shed-demolition.html,https://midwestflipllc.com/services/shed-demolition.html,34,True,140,True,1,7,2,0,0,0,0
services/shed-roof-construction.html,https://midwestflipllc.com/services/shed-roof-construction.html,41,True,147,True,1,7,2,0,0,0,0
services/shelving-installation.html,https://midwestflipllc.com/services/shelving-installation.html,40,True,146,True,1,7,2,0,0,0,0
services/shower-installation.html,https://midwestflipllc.com/services/shower-installation.html,38,True,144,True,1,7,2,0,0,0,0
services/shower-tile-installation.html,https://midwestflipllc.com/services/shower-tile-installation.html,43,True,149,True,1,7,2,0,0,0,0
services/sidewalk-construction.html,https://midwestflipllc.com/services/sidewalk-construction.html,40,True,146,True,1,7,2,0,0,0,0
services/siding-repair-and-replacement.html,https://midwestflipllc.com/services/siding-repair-and-replacement.html,48,True,154,True,1,7,2,0,0,0,0
services/siding-repair.html,https://midwestflipllc.com/services/siding-repair.html,32,True,138,True,1,7,2,0,0,0,0
services/sill-plate-installation.html,https://midwestflipllc.com/services/sill-plate-installation.html,42,True,148,True,1,7,2,0,0,0,0
services/sill-plate-replacement.html,https://midwestflipllc.com/services/sill-plate-replacement.html,41,True,147,True,1,7,2,0,0,0,0
services/single-family-home-construction.html,https://midwestflipllc.com/services/single-family-home-construction.html,50,True,156,True,1,7,2,0,0,0,0
services/sink-installation.html,https://midwestflipllc.com/services/sink-installation.html,36,True,142,True,1,7,2,0,0,0,0
services/site-evaluation-and-analysis.html,https://midwestflipllc.com/services/site-evaluation-and-analysis.html,47,True,153,True,1,7,2,0,0,0,0
services/skylight-installation.html,https://midwestflipllc.com/services/skylight-installation.html,40,True,146,True,1,7,2,0,0,0,0
services/sliding-door-installation.html,https://midwestflipllc.com/services/sliding-door-installation.html,44,True,150,True,1,7,2,0,0,0,0
services/sliding-window-installation.html,https://midwestflipllc.com/services/sliding-window-installation.html,46,True,152,True,1,7,2,0,0,0,0
services/smoke-detector-installation.html,https://midwestflipllc.com/services/smoke-detector-installation.html,46,True,152,True,1,7,2,0,0,0,0
services/soffit-construction.html,https://midwestflipllc.com/services/soffit-construction.html,38,True,144,True,1,7,2,0,0,0,0
services/soffit-installation.html,https://midwestflipllc.com/services/soffit-installation.html,38,True,144,True,1,7,2,0,0,0,0
services/soil-testing-coordination.html,https://midwestflipllc.com/services/soil-testing-coordination.html,44,True,150,True,1,7,2,0,0,0,0
services/spec-home-construction.html,https://midwestflipllc.com/services/spec-home-construction.html,41,True,147,True,1,7,2,0,0,0,0
services/staining-and-varnishing.html,https://midwestflipllc.com/services/staining-and-varnishing.html,42,True,148,True,1,7,2,0,0,0,0
services/stair-construction-and-installation.html,https://midwestflipllc.com/services/stair-construction-and-installation.html,54,True,160,True,1,7,2,0,0,0,0
services/stair-lift-installation-coordination.html,https://midwestflipllc.com/services/stair-lift-installation-coordination.html,55,True,146,True,1,7,2,0,0,0,0
services/stair-railing-installation.html,https://midwestflipllc.com/services/stair-railing-installation.html,45,True,151,True,1,7,2,0,0,0,0
services/stair-repair.html,https://midwestflipllc.com/services/stair-repair.html,31,True,137,True,1,7,2,0,0,0,0
services/stairway-construction.html,https://midwestflipllc.com/services/stairway-construction.html,40,True,146,True,1,7,2,0,0,0,0
services/stamped-concrete.html,https://midwestflipllc.com/services/stamped-concrete.html,35,True,141,True,1,7,2,0,0,0,0
services/stone-masonry-installation.html,https://midwestflipllc.com/services/stone-masonry-installation.html,45,True,151,True,1,7,2,0,0,0,0
services/stone-veneer-installation.html,https://midwestflipllc.com/services/stone-veneer-installation.html,44,True,150,True,1,7,2,0,0,0,0
services/storm-door-installation.html,https://midwestflipllc.com/services/storm-door-installation.html,42,True,148,True,1,7,2,0,0,0,0
services/storm-water-management-systems.html,https://midwestflipllc.com/services/storm-water-management-systems.html,49,True,155,True,1,7,2,0,0,0,0
services/structural-beam-installation.html,https://midwestflipllc.com/services/structural-beam-installation.html,47,True,153,True,1,7,2,0,0,0,0
services/structural-beam-repair.html,https://midwestflipllc.com/services/structural-beam-repair.html,41,True,147,True,1,7,2,0,0,0,0
services/structural-carpentry.html,https://midwestflipllc.com/services/structural-carpentry.html,39,True,145,True,1,7,2,0,0,0,0
services/structural-drying.html,https://midwestflipllc.com/services/structural-drying.html,36,True,142,True,1,7,2,0,0,0,0
services/subcontractor-coordination.html,https://midwestflipllc.com/services/subcontractor-coordination.html,45,True,151,True,1,7,2,0,0,0,0
services/subfloor-installation-and-repair.html,https://midwestflipllc.com/services/subfloor-installation-and-repair.html,51,True,157,True,1,7,2,0,0,0,0
services/subfloor-repair.html,https://midwestflipllc.com/services/subfloor-repair.html,34,True,140,True,1,7,2,0,0,0,0
services/subflooring-installation.html,https://midwestflipllc.com/services/subflooring-installation.html,43,True,149,True,1,7,2,0,0,0,0
services/sunroom-construction.html,https://midwestflipllc.com/services/sunroom-construction.html,39,True,145,True,1,7,2,0,0,0,0
services/surface-preparation.html,https://midwestflipllc.com/services/surface-preparation.html,38,True,144,True,1,7,2,0,0,0,0
services/suspended-concrete-slab-construction.html,https://midwestflipllc.com/services/suspended-concrete-slab-construction.html,55,True,146,True,1,7,2,0,0,0,0
services/swimming-pool-installation.html,https://midwestflipllc.com/services/swimming-pool-installation.html,45,True,151,True,1,7,2,0,0,0,0
services/textured-ceiling-application.html,https://midwestflipllc.com/services/textured-ceiling-application.html,47,True,153,True,1,7,2,0,0,0,0
services/three-season-room-construction.html,https://midwestflipllc.com/services/three-season-room-construction.html,49,True,155,True,1,7,2,0,0,0,0
services/tile-backsplash.html,https://midwestflipllc.com/services/tile-backsplash.html,34,True,140,True,1,7,2,0,0,0,0
services/tile-flooring-installation.html,https://midwestflipllc.com/services/tile-flooring-installation.html,45,True,151,True,1,7,2,0,0,0,0
services/tile-flooring.html,https://midwestflipllc.com/services/tile-flooring.html,32,True,138,True,1,7,2,0,0,0,0
services/tile-work-walls-and-floors.html,https://midwestflipllc.com/services/tile-work-walls-and-floors.html,47,True,153,True,1,7,2,0,0,0,0
services/toilet-installation.html,https://midwestflipllc.com/services/toilet-installation.html,38,True,144,True,1,7,2,0,0,0,0
services/topsoil-placement.html,https://midwestflipllc.com/services/topsoil-placement.html,36,True,142,True,1,7,2,0,0,0,0
services/townhouse-construction-up-to-3-stories.html,https://midwestflipllc.com/services/townhouse-construction-up-to-3-stories.html,59,True,150,True,1,7,2,0,0,0,0
services/townhouses-up-to-3-stories.html,https://midwestflipllc.com/services/townhouses-up-to-3-stories.html,47,True,153,True,1,7,2,0,0,0,0
services/treated-wood-foundation-installation.html,https://midwestflipllc.com/services/treated-wood-foundation-installation.html,55,True,146,True,1,7,2,0,0,0,0
services/tree-removal-with-permits.html,https://midwestflipllc.com/services/tree-removal-with-permits.html,46,True,152,True,1,7,2,0,0,0,0
services/trim-and-finish-carpentry.html,https://midwestflipllc.com/services/trim-and-finish-carpentry.html,44,True,150,True,1,7,2,0,0,0,0
services/trim-carpentry.html,https://midwestflipllc.com/services/trim-carpentry.html,33,True,139,True,1,7,2,0,0,0,0
services/trim-repair.html,https://midwestflipllc.com/services/trim-repair.html,30,True,136,True,1,7,2,0,0,0,0
services/truss-installation-roof-and-floor.html,https://midwestflipllc.com/services/truss-installation-roof-and-floor.html,54,True,160,True,1,7,2,0,0,0,0
services/tub-to-shower-conversion.html,https://midwestflipllc.com/services/tub-to-shower-conversion.html,43,True,149,True,1,7,2,0,0,0,0
services/tuck-pointing-services.html,https://midwestflipllc.com/services/tuck-pointing-services.html,41,True,147,True,1,7,2,0,0,0,0
services/two-family-dwelling-construction.html,https://midwestflipllc.com/services/two-family-dwelling-construction.html,51,True,157,True,1,7,2,0,0,0,0
services/underground-utility-trenching.html,https://midwestflipllc.com/services/underground-utility-trenching.html,48,True,154,True,1,7,2,0,0,0,0
services/universal-design-implementation.html,https://midwestflipllc.com/services/universal-design-implementation.html,50,True,156,True,1,7,2,0,0,0,0
services/utility-line-installation.html,https://midwestflipllc.com/services/utility-line-installation.html,44,True,150,True,1,7,2,0,0,0,0
services/valley-installation.html,https://midwestflipllc.com/services/valley-installation.html,38,True,144,True,1,7,2,0,0,0,0
services/vanity-installation.html,https://midwestflipllc.com/services/vanity-installation.html,38,True,144,True,1,7,2,0,0,0,0
services/vapor-barrier-installation.html,https://midwestflipllc.com/services/vapor-barrier-installation.html,45,True,151,True,1,7,2,0,0,0,0
services/vinyl-flooring-installation.html,https://midwestflipllc.com/services/vinyl-flooring-installation.html,46,True,152,True,1,7,2,0,0,0,0
services/vinyl-siding-installation.html,https://midwestflipllc.com/services/vinyl-siding-installation.html,44,True,150,True,1,7,2,0,0,0,0
services/wainscoting-installation.html,https://midwestflipllc.com/services/wainscoting-installation.html,43,True,149,True,1,7,2,0,0,0,0
services/walk-in-tub-installation.html,https://midwestflipllc.com/services/walk-in-tub-installation.html,43,True,149,True,1,7,2,0,0,0,0
services/wall-covering-installation.html,https://midwestflipllc.com/services/wall-covering-installation.html,45,True,151,True,1,7,2,0,0,0,0
services/wall-framing-and-construction.html,https://midwestflipllc.com/services/wall-framing-and-construction.html,48,True,154,True,1,7,2,0,0,0,0
services/wall-sheathing-installation.html,https://midwestflipllc.com/services/wall-sheathing-installation.html,46,True,152,True,1,7,2,0,0,0,0
services/wall-stud-repair.html,https://midwestflipllc.com/services/wall-stud-repair.html,35,True,141,True,1,7,2,0,0,0,0
services/wallpaper-installation.html,https://midwestflipllc.com/services/wallpaper-installation.html,41,True,147,True,1,7,2,0,0,0,0
services/wallpaper-removal.html,https://midwestflipllc.com/services/wallpaper-removal.html,36,True,142,True,1,7,2,0,0,0,0
services/water-damage-repair.html,https://midwestflipllc.com/services/water-damage-repair.html,38,True,144,True,1,7,2,0,0,0,0
services/weather-barrier-installation.html,https://midwestflipllc.com/services/weather-barrier-installation.html,47,True,153,True,1,7,2,0,0,0,0
services/weather-stripping-installation.html,https://midwestflipllc.com/services/weather-stripping-installation.html,49,True,155,True,1,7,2,0,0,0,0
services/well-installation-coordination.html,https://midwestflipllc.com/services/well-installation-coordination.html,49,True,155,True,1,7,2,0,0,0,0
services/wheelchair-ramp-construction.html,https://midwestflipllc.com/services/wheelchair-ramp-construction.html,47,True,153,True,1,7,2,0,0,0,0
services/whole-home-renovation.html,https://midwestflipllc.com/services/whole-home-renovation.html,40,True,146,True,1,7,2,0,0,0,0
services/window-casing-installation.html,https://midwestflipllc.com/services/window-casing-installation.html,45,True,151,True,1,7,2,0,0,0,0
services/window-installation-all-types.html,https://midwestflipllc.com/services/window-installation-all-types.html,50,True,156,True,1,7,2,0,0,0,0
services/window-repair.html,https://midwestflipllc.com/services/window-repair.html,32,True,138,True,1,7,2,0,0,0,0
services/window-replacement-for-energy-efficiency.html,https://midwestflipllc.com/services/window-replacement-for-energy-efficiency.html,59,True,150,True,1,7,2,0,0,0,0
services/window-replacement.html,https://midwestflipllc.com/services/window-replacement.html,37,True,143,True,1,7,2,0,0,0,0
services/wood-frame-construction.html,https://midwestflipllc.com/services/wood-frame-construction.html,42,True,148,True,1,7,2,0,0,0,0
services/wood-siding-installation.html,https://midwestflipllc.com/services/wood-siding-installation.html,43,True,149,True,1,7,2,0,0,0,0
services/wooden-deck-construction.html,https://midwestflipllc.com/services/wooden-deck-construction.html,43,True,149,True,1,7,2,0,0,0,0
services/zoning-compliance-verification.html,https://midwestflipllc.com/services/zoning-compliance-verification.html,49,True,155,True,1,7,2,0,0,0,0
services.html,https://midwestflipllc.com/services.html,37,True,160,True,1,16,350,0,0,0,0
